{"total":1946,"pending":1212,"completed":734,"over30":174,"over60":706,"type2":53,"type3":17,"type4":747,"pendingByDept":{"\u0e1d\u0e48\u0e32\u0e22\u0e23\u0e31\u0e07\u0e27\u0e31\u0e14":457,"\u0e1d\u0e48\u0e32\u0e22\u0e17\u0e30\u0e40\u0e1a\u0e35\u0e22\u0e19":686,"\u0e01\u0e25\u0e38\u0e48\u0e21\u0e07\u0e32\u0e19\u0e27\u0e34\u0e0a\u0e32\u0e01\u0e32\u0e23":69},"pendingBreakdown":{"\u0e1d\u0e48\u0e32\u0e22\u0e23\u0e31\u0e07\u0e27\u0e31\u0e14":{"type2":0,"type3":0,"type4":312,"other":144},"\u0e1d\u0e48\u0e32\u0e22\u0e17\u0e30\u0e40\u0e1a\u0e35\u0e22\u0e19":{"type2":43,"type3":16,"type4":380,"other":247},"\u0e01\u0e25\u0e38\u0e48\u0e21\u0e07\u0e32\u0e19\u0e27\u0e34\u0e0a\u0e32\u0e01\u0e32\u0e23":{"type2":10,"type3":1,"type4":55,"other":3}},"kpi":{"oldWork":{"total":1419,"pending":817,"completed":602,"percent":42.42424242424242},"newWork":{"total":527,"within30":24.667931688804554,"within60":0.3795066413662239}}}