{"total":2327,"pending":1093,"completed":1234,"over30":200,"over60":569,"type2":43,"type3":16,"type4":513,"pendingByDept":{"\u0e1d\u0e48\u0e32\u0e22\u0e23\u0e31\u0e07\u0e27\u0e31\u0e14":411,"\u0e1d\u0e48\u0e32\u0e22\u0e17\u0e30\u0e40\u0e1a\u0e35\u0e22\u0e19":615,"\u0e01\u0e25\u0e38\u0e48\u0e21\u0e07\u0e32\u0e19\u0e27\u0e34\u0e0a\u0e32\u0e01\u0e32\u0e23":67,"\u0e1d\u0e48\u0e32\u0e22\u0e2d\u0e33\u0e19\u0e27\u0e22\u0e01\u0e32\u0e23":0},"pendingBreakdown":{"\u0e1d\u0e48\u0e32\u0e22\u0e23\u0e31\u0e07\u0e27\u0e31\u0e14":{"type2":0,"type3":0,"type4":207,"other":204},"\u0e1d\u0e48\u0e32\u0e22\u0e17\u0e30\u0e40\u0e1a\u0e35\u0e22\u0e19":{"type2":32,"type3":15,"type4":251,"other":317},"\u0e01\u0e25\u0e38\u0e48\u0e21\u0e07\u0e32\u0e19\u0e27\u0e34\u0e0a\u0e32\u0e01\u0e32\u0e23":{"type2":11,"type3":1,"type4":55,"other":0},"\u0e1d\u0e48\u0e32\u0e22\u0e2d\u0e33\u0e19\u0e27\u0e22\u0e01\u0e32\u0e23":{"type2":0,"type3":0,"type4":0,"other":0}},"kpi":{"oldWork":{"total":1419,"pending":566,"completed":853,"percent":60.11275546159267},"newWork":{"total":908,"within30":25.55066079295154,"within60":16.409691629955947}}}