{"total":2108,"pending":1048,"completed":1060,"over30":160,"over60":622,"type2":47,"type3":17,"type4":568,"pendingByDept":{"\u0e1d\u0e48\u0e32\u0e22\u0e23\u0e31\u0e07\u0e27\u0e31\u0e14":314,"\u0e1d\u0e48\u0e32\u0e22\u0e17\u0e30\u0e40\u0e1a\u0e35\u0e22\u0e19":665,"\u0e01\u0e25\u0e38\u0e48\u0e21\u0e07\u0e32\u0e19\u0e27\u0e34\u0e0a\u0e32\u0e01\u0e32\u0e23":69,"\u0e1d\u0e48\u0e32\u0e22\u0e2d\u0e33\u0e19\u0e27\u0e22\u0e01\u0e32\u0e23":0},"pendingBreakdown":{"\u0e1d\u0e48\u0e32\u0e22\u0e23\u0e31\u0e07\u0e27\u0e31\u0e14":{"type2":0,"type3":0,"type4":221,"other":92},"\u0e1d\u0e48\u0e32\u0e22\u0e17\u0e30\u0e40\u0e1a\u0e35\u0e22\u0e19":{"type2":37,"type3":16,"type4":292,"other":320},"\u0e01\u0e25\u0e38\u0e48\u0e21\u0e07\u0e32\u0e19\u0e27\u0e34\u0e0a\u0e32\u0e01\u0e32\u0e23":{"type2":10,"type3":1,"type4":55,"other":3},"\u0e1d\u0e48\u0e32\u0e22\u0e2d\u0e33\u0e19\u0e27\u0e22\u0e01\u0e32\u0e23":{"type2":0,"type3":0,"type4":0,"other":0}},"kpi":{"oldWork":{"total":1419,"pending":632,"completed":787,"percent":55.461592670895},"newWork":{"total":689,"within30":28.156748911465897,"within60":11.46589259796807}}}